{
  "args0": [
    {
      "type": "input_value",
      "name": "url",
      "check": "String"
    },
    {
      "type": "input_dummy",
      "name": "var"
    },
    {
      "type": "input_value",
      "name": "connectionTimeout",
      "check": "Number"
    },
    {
      "type": "input_value",
      "name": "readTimeout",
      "check": "Number"
    }
  ],
  "extensions": [
    "file_variables"
  ],
  "mutator": "variable_entity_input",
  "inputsInline": true,
  "previousStatement": null,
  "nextStatement": null,
  "colour": 270,
  "mcreator": {
    "group": "file",
    "toolbox_id": "file_manager",
    "toolbox_init": [
      "<value name=\"url\"><block type=\"text\"><field name=\"TEXT\">https://example.com/file.txt</field></block></value>",
      "<value name=\"connectionTimeout\"><block type=\"math_number\"><field name=\"NUM\">4000</field></block></value>",
      "<value name=\"readTimeout\"><block type=\"math_number\"><field name=\"NUM\">4000</field></block></value>"
    ],
    "fields": [
      "VAR"
    ],
    "inputs": [
      "url",
      "connectionTimeout",
      "readTimeout"
    ]
  }
}