{
  "id": "text-field-synchronizer",
  "weight": 30,
  "minversion": 0,
  "supportedversions": [
    202400115713,
    202400115821,
    2024001,
    202400224713,
    202400228714,
    202400232117
  ],
  "info": {
    "name": "Text Fields Synchronizer",
    "version": "1.8",
    "description": "Synchronizes text fields between client and server",
    "author": "151chit",
    "credits": "Writes text field data to a hash map and sends the hash map along with the player and coordinates, and then merges it with the guistate hash map, starting synchronization"
  }
}