{
  "id": "text-field-synchronizer",
  "weight": 30,
  "supportedversions": [
    2024004,
    2025001,
    202500105718
  ],
  "info": {
    "name": "Text Fields Synchronizer",
    "version": "2.0",
    "description": "Synchronizes text fields between client and server",
    "author": "151chit",
    "credits": "Writes text field data to a hash map and sends the hash map along with the player and coordinates, and then merges it with the guistate hash map, starting synchronization"
  }
}